id,session_id,timestamp,event_type,attention_score,face_detected,eyes_detected,head_pose_yaw,head_pose_pitch,look_away_duration,alert_triggered,notes
1,session_20251004_154709,2025-10-04 15:47:09.971840,attention_check,0.6664485015878276,b'\x01',2,13.22679477317675,-7.125508813035042,0.0,b'\x00',Test data point 0
2,session_20251004_154709,2025-10-04 15:47:09.978743,attention_check,0.7665446643676898,b'\x01',2,5.586421819270292,-3.9894096800408363,0.0,b'\x00',Test data point 1
3,session_20251004_154709,2025-10-04 15:47:09.985127,attention_check,0.7965400577854915,b'\x01',2,1.838591155742396,-2.1288035345489504,0.0,b'\x00',Test data point 2
4,session_20251004_154709,2025-10-04 15:47:09.991505,attention_check,0.5723974417491445,b'\x01',2,15.844719091767253,-4.94246972269217,0.0,b'\x00',Test data point 3
5,session_20251004_154709,2025-10-04 15:47:09.997690,attention_check,0.6455086877385319,b'\x01',2,24.933951038981846,-16.605361536620727,0.0,b'\x00',Test data point 4
6,session_20251004_154709,2025-10-04 15:47:10.006274,attention_check,0.7373986314167551,b'\x01',2,-13.284477431521818,-1.4679644107947425,0.0,b'\x00',Test data point 5
7,session_20251004_154709,2025-10-04 15:47:10.041906,attention_check,0.9873634809215854,b'\x01',2,16.203725090939983,-13.179157281030975,0.0,b'\x00',Test data point 6
8,session_20251004_154709,2025-10-04 15:47:10.059604,attention_check,0.9092991005343887,b'\x01',2,12.162351011948907,-17.09379371656756,0.0,b'\x00',Test data point 7
9,session_20251004_154709,2025-10-04 15:47:10.068015,attention_check,0.975082930936312,b'\x01',2,-3.945245597014665,3.486086737422262,0.0,b'\x00',Test data point 8
10,session_20251004_154709,2025-10-04 15:47:10.076130,attention_check,0.6707392560993103,b'\x01',2,5.288458757626067,-2.4565695384882886,0.0,b'\x00',Test data point 9
11,session_20251004_154709,2025-10-04 15:47:10.085922,attention_check,0.97734632334848,b'\x01',2,-19.844609861844877,1.1219882517463944,0.0,b'\x00',Test data point 10
12,session_20251004_154709,2025-10-04 15:47:10.092547,attention_check,0.9959750051316671,b'\x01',2,-19.41388002541,-7.989105644195082,0.0,b'\x00',Test data point 11
13,session_20251004_154709,2025-10-04 15:47:10.099029,attention_check,1.0,1,2,3.521968451762014,12.580169807823523,0.0,0,Test data point 12
14,session_20251004_154709,2025-10-04 15:47:10.105146,attention_check,0.9965521484692876,b'\x01',2,6.58054512177997,-15.14088666201419,0.0,b'\x00',Test data point 13
15,session_20251004_154709,2025-10-04 15:47:10.110260,attention_check,0.9860207824341518,b'\x01',2,-14.125224692049496,7.26989701745088,0.0,b'\x00',Test data point 14
16,session_20251004_154709,2025-10-04 15:47:10.115993,attention_check,0.7897274699733413,b'\x01',2,5.47706313541655,-6.816078540975138,0.0,b'\x00',Test data point 15
17,session_20251004_154709,2025-10-04 15:47:10.120803,attention_check,0.7769430518763897,b'\x01',2,-8.240489952518843,-7.820903317500614,0.0,b'\x00',Test data point 16
18,session_20251004_154709,2025-10-04 15:47:10.125536,attention_check,0.8816489345044352,b'\x01',2,25.668260165882394,19.812874851179373,0.0,b'\x00',Test data point 17
19,session_20251004_154709,2025-10-04 15:47:10.130559,attention_check,1.0,1,2,-16.02863384393202,3.808232189339705,0.0,0,Test data point 18
20,session_20251004_154709,2025-10-04 15:47:10.135227,attention_check,1.0,1,2,-26.987137296923116,14.800000489625063,0.0,0,Test data point 19
21,session_20251004_154709,2025-10-04 15:47:10.140092,attention_check,0.7355152599107209,b'\x01',2,22.125321624853385,19.5105066267896,0.0,b'\x00',Test data point 20
22,session_20251004_154709,2025-10-04 15:47:10.145504,attention_check,1.0,1,2,19.527281052246757,-1.245065366335261,0.0,0,Test data point 21
23,session_20251004_154709,2025-10-04 15:47:10.150207,attention_check,0.719666914770227,b'\x01',2,-2.195198435807278,-6.104791323567383,0.0,b'\x00',Test data point 22
24,session_20251004_154709,2025-10-04 15:47:10.154940,attention_check,1.0,1,2,-6.181088872167283,2.6957118181335638,0.0,0,Test data point 23
25,session_20251004_154709,2025-10-04 15:47:10.160129,attention_check,1.0,1,2,-18.2279621925417,-2.1822433316422227,0.0,0,Test data point 24
26,session_20251004_154709,2025-10-04 15:47:10.165448,attention_check,0.6947741129865657,b'\x01',2,3.793190495223641,-15.786577645451771,0.0,b'\x00',Test data point 25
27,session_20251004_154709,2025-10-04 15:47:10.170215,attention_check,0.7886617678887785,b'\x01',2,-12.584631749053731,-12.29289242551494,0.0,b'\x00',Test data point 26
28,session_20251004_154709,2025-10-04 15:47:10.174962,attention_check,0.930357748872881,b'\x01',2,2.701076114964458,4.276029729004065,0.0,b'\x00',Test data point 27
29,session_20251004_154709,2025-10-04 15:47:10.180324,attention_check,0.9206706908223823,b'\x01',2,-16.677797633451604,8.869302157904183,0.0,b'\x00',Test data point 28
30,session_20251004_154709,2025-10-04 15:47:10.185196,attention_check,0.5704323216639973,b'\x01',2,27.100694321369332,11.33344386317274,0.0,b'\x00',Test data point 29
31,session_20251004_154709,2025-10-04 15:47:10.190127,attention_check,0.7059262847961184,b'\x01',2,-24.887746458708808,-3.5236759113178664,0.0,b'\x00',Test data point 30
32,session_20251004_154709,2025-10-04 15:47:10.195854,attention_check,0.6125429855652245,b'\x01',2,-27.658092470758536,-19.04996897548343,0.0,b'\x00',Test data point 31
33,session_20251004_154709,2025-10-04 15:47:10.200786,attention_check,0.6876515468769895,b'\x01',2,-24.41115750290967,6.164658897548474,0.0,b'\x00',Test data point 32
34,session_20251004_154709,2025-10-04 15:47:10.205883,attention_check,0.7661376544836097,b'\x01',2,27.97436555166569,-13.421876247600991,0.0,b'\x00',Test data point 33
35,session_20251004_154709,2025-10-04 15:47:10.211464,attention_check,0.6128482475743396,b'\x01',2,3.930857787509929,14.909995408953343,0.0,b'\x00',Test data point 34
36,session_20251004_154709,2025-10-04 15:47:10.216620,attention_check,0.5472443967604398,b'\x01',2,-25.436309642377367,15.07662810714455,0.0,b'\x00',Test data point 35
37,session_20251004_154709,2025-10-04 15:47:10.221684,attention_check,0.512356479990322,b'\x01',2,11.695221102340383,-17.025138487677303,0.0,b'\x00',Test data point 36
38,session_20251004_154709,2025-10-04 15:47:10.226302,attention_check,0.4833784013415348,b'\x01',1,25.97397282623163,8.793976408294334,0.0,b'\x00',Test data point 37
39,session_20251004_154709,2025-10-04 15:47:10.231892,attention_check,0.5303890688537338,b'\x01',2,28.83987632600251,6.983558714057381,0.0,b'\x00',Test data point 38
40,session_20251004_154709,2025-10-04 15:47:10.240320,attention_check,0.7616615930109275,b'\x01',2,3.9873011714256066,-9.062938040756897,0.0,b'\x00',Test data point 39
41,session_20251004_154709,2025-10-04 15:47:10.245853,attention_check,0.6752069114722961,b'\x01',2,15.795605817422079,-13.110578930131073,0.0,b'\x00',Test data point 40
42,session_20251004_154709,2025-10-04 15:47:10.250730,attention_check,0.7174532864631828,b'\x01',2,-18.029907751840426,14.988941568832999,0.0,b'\x00',Test data point 41
43,session_20251004_154709,2025-10-04 15:47:10.255562,attention_check,0.5685661915853704,b'\x01',2,-3.9459830159282845,-9.57409494773264,0.0,b'\x00',Test data point 42
44,session_20251004_154709,2025-10-04 15:47:10.260265,attention_check,0.6888383950760717,b'\x01',2,-0.042266540778548745,-17.6548675506462,0.0,b'\x00',Test data point 43
45,session_20251004_154709,2025-10-04 15:47:10.265908,attention_check,0.5393938838663374,b'\x01',2,-29.168694150391293,10.332396056606669,0.0,b'\x00',Test data point 44
46,session_20251004_154709,2025-10-04 15:47:10.271056,attention_check,0.3255379239890624,b'\x01',1,1.2181551408122964,1.7763893562907995,0.0,b'\x00',Test data point 45
47,session_20251004_154709,2025-10-04 15:47:10.282126,attention_check,0.49941619860484515,b'\x01',1,6.359406867544202,8.588943320094167,0.0,b'\x00',Test data point 46
48,session_20251004_154709,2025-10-04 15:47:10.287202,attention_check,0.581294959242025,b'\x01',2,-3.1422288399515033,14.792903440721858,0.0,b'\x00',Test data point 47
49,session_20251004_154709,2025-10-04 15:47:10.292075,attention_check,0.6518157075085467,b'\x01',2,-3.9120894381749665,16.78709918706189,0.0,b'\x00',Test data point 48
50,session_20251004_154709,2025-10-04 15:47:10.297578,attention_check,0.3888116758999877,b'\x01',1,12.967947899565239,-19.6537269534287,0.0,b'\x00',Test data point 49
51,session_20251004_154709,2025-10-04 15:47:10.308003,attention_check,0.5436911172221565,b'\x01',2,-25.266588976607203,2.4269864543923134,0.0,b'\x00',Test data point 50
52,session_20251004_154709,2025-10-04 15:47:10.313520,attention_check,0.38163965804372213,b'\x01',1,-25.171437097041608,15.610406127546682,0.0,b'\x00',Test data point 51
53,session_20251004_154709,2025-10-04 15:47:10.323912,attention_check,0.5518805831820042,b'\x01',2,-5.183173410779872,12.616308006425776,0.0,b'\x00',Test data point 52
54,session_20251004_154709,2025-10-04 15:47:10.329592,attention_check,0.5047436320330023,b'\x01',2,-7.176400433895942,7.256575895658983,0.0,b'\x00',Test data point 53
55,session_20251004_154709,2025-10-04 15:47:10.334561,attention_check,0.5884016210403168,b'\x01',2,24.03165860963565,-6.422044910158036,0.0,b'\x00',Test data point 54
56,session_20251004_154709,2025-10-04 15:47:10.339898,attention_check,0.4300979667331785,b'\x01',1,-10.045158583351025,13.893049964244717,0.0,b'\x00',Test data point 55
57,session_20251004_154709,2025-10-04 15:47:10.345651,attention_check,0.6386062649696332,b'\x01',2,-4.890458437987853,0.6413855313601502,0.0,b'\x00',Test data point 56
58,session_20251004_154709,2025-10-04 15:47:10.350511,attention_check,0.7523264309512525,b'\x01',2,-20.59836719965673,-15.552834010576738,0.0,b'\x00',Test data point 57
59,session_20251004_154709,2025-10-04 15:47:10.355182,attention_check,0.8063327046706263,b'\x01',2,22.76967739356418,0.3108316845190551,0.0,b'\x00',Test data point 58
60,session_20251004_154709,2025-10-04 15:47:10.359889,attention_check,0.8216149555012314,b'\x01',2,3.2839888527015546,-16.16708624074986,0.0,b'\x00',Test data point 59
61,session_20251004_154709,2025-10-04 15:47:10.366151,attention_check,0.63043684203713,b'\x01',2,-25.797347817754062,-9.204714260611446,0.0,b'\x00',Test data point 60
62,session_20251004_154709,2025-10-04 15:47:10.374451,attention_check,0.8076054631243532,b'\x01',2,1.3288488975366661,19.702934275970648,0.0,b'\x00',Test data point 61
63,session_20251004_154709,2025-10-04 15:47:10.380485,attention_check,0.6232379610279225,b'\x01',2,11.716850592260492,-13.729744487033951,0.0,b'\x00',Test data point 62
64,session_20251004_154709,2025-10-04 15:47:10.385293,attention_check,0.7359220476922106,b'\x01',2,-11.243689155949696,-10.943708571054351,0.0,b'\x00',Test data point 63
65,session_20251004_154709,2025-10-04 15:47:10.389988,attention_check,0.5719545508543181,b'\x01',2,1.8384153845913005,-7.12124312107418,0.0,b'\x00',Test data point 64
66,session_20251004_154709,2025-10-04 15:47:10.398475,attention_check,0.6949378823047081,b'\x01',2,-11.407764401736586,9.173426922124893,0.0,b'\x00',Test data point 65
67,session_20251004_154709,2025-10-04 15:47:10.404100,attention_check,0.6657252709448367,b'\x01',2,-21.268152913590725,8.850889084074822,0.0,b'\x00',Test data point 66
68,session_20251004_154709,2025-10-04 15:47:10.408869,attention_check,0.5926741647538223,b'\x01',2,-1.4689486124155096,16.088330246172738,0.0,b'\x00',Test data point 67
69,session_20251004_154709,2025-10-04 15:47:10.414267,attention_check,0.8448021826778171,b'\x01',2,-24.4285519103463,8.522187362219729,0.0,b'\x00',Test data point 68
70,session_20251004_154709,2025-10-04 15:47:10.419401,attention_check,0.8406565502714741,b'\x01',2,21.11117109075048,13.95677042201146,0.0,b'\x00',Test data point 69
71,session_20251004_154709,2025-10-04 15:47:10.424153,attention_check,0.6730282022647994,b'\x01',2,6.776355838123095,-7.001641531435174,0.0,b'\x00',Test data point 70
72,session_20251004_154709,2025-10-04 15:47:10.429535,attention_check,0.7063772444650456,b'\x01',2,18.796870941880293,0.28627665460461316,0.0,b'\x00',Test data point 71
73,session_20251004_154709,2025-10-04 15:47:10.434888,attention_check,0.9783486317833727,b'\x01',2,23.74122706213774,1.4289703853269344,0.0,b'\x00',Test data point 72
74,session_20251004_154709,2025-10-04 15:47:10.439529,attention_check,1.0,1,2,-14.851869309350867,15.781726764097776,0.0,0,Test data point 73
75,session_20251004_154709,2025-10-04 15:47:10.445136,attention_check,1.0,1,2,22.718937894162522,-4.447093212465955,0.0,0,Test data point 74
76,session_20251004_154709,2025-10-04 15:47:10.450326,attention_check,0.7161108377273953,b'\x01',2,18.491292196026414,-0.5587606890765109,0.0,b'\x00',Test data point 75
77,session_20251004_154709,2025-10-04 15:47:10.455224,attention_check,0.9764115446268713,b'\x01',2,19.91706523469299,-15.193662067182743,0.0,b'\x00',Test data point 76
78,session_20251004_154709,2025-10-04 15:47:10.460402,attention_check,0.8637483021188151,b'\x01',2,-16.345053392054677,-8.426503305077926,0.0,b'\x00',Test data point 77
79,session_20251004_154709,2025-10-04 15:47:10.466423,attention_check,1.0,1,2,-2.3907728962698407,12.845649708561531,0.0,0,Test data point 78
80,session_20251004_154709,2025-10-04 15:47:10.471167,attention_check,0.7799050727210952,b'\x01',2,5.378612921294447,-3.197315116687264,0.0,b'\x00',Test data point 79
81,session_20251004_154709,2025-10-04 15:47:10.476079,attention_check,1.0,1,2,5.68528120205773,-3.3450998852550597,0.0,0,Test data point 80
82,session_20251004_154709,2025-10-04 15:47:10.481520,attention_check,0.8138797587597801,b'\x01',2,18.091945934342654,-1.9572991315339863,0.0,b'\x00',Test data point 81
83,session_20251004_154709,2025-10-04 15:47:10.486256,attention_check,1.0,1,2,7.195669783217852,-17.49383714237608,0.0,0,Test data point 82
84,session_20251004_154709,2025-10-04 15:47:10.490858,attention_check,0.7767065312813433,b'\x01',2,16.084722588539968,-17.86192660497175,0.0,b'\x00',Test data point 83
85,session_20251004_154709,2025-10-04 15:47:10.496104,attention_check,0.8286454334105253,b'\x01',2,29.536643472523814,8.709117073599145,0.0,b'\x00',Test data point 84
86,session_20251004_154709,2025-10-04 15:47:10.501186,attention_check,0.7133213047624696,b'\x01',2,-8.676308767735357,5.343156268278783,0.0,b'\x00',Test data point 85
87,session_20251004_154709,2025-10-04 15:47:10.506188,attention_check,0.6608915554008865,b'\x01',2,1.2195474949847025,2.006846953679016,0.0,b'\x00',Test data point 86
88,session_20251004_154709,2025-10-04 15:47:10.511346,attention_check,0.8054228313564933,b'\x01',2,-22.339865016741534,-0.601224055078621,0.0,b'\x00',Test data point 87
89,session_20251004_154709,2025-10-04 15:47:10.516748,attention_check,0.8746884653007738,b'\x01',2,22.55921492949839,2.4878153913436876,0.0,b'\x00',Test data point 88
90,session_20251004_154709,2025-10-04 15:47:10.521872,attention_check,0.6803839296268618,b'\x01',2,23.28889398703115,-19.749739189596724,0.0,b'\x00',Test data point 89
91,session_20251004_154709,2025-10-04 15:47:10.526915,attention_check,0.9339783473634746,b'\x01',2,5.661499757186434,6.23012748902881,0.0,b'\x00',Test data point 90
92,session_20251004_154709,2025-10-04 15:47:10.532627,attention_check,0.8918042276564624,b'\x01',2,4.604153604297359,-7.037522714702526,0.0,b'\x00',Test data point 91
93,session_20251004_154709,2025-10-04 15:47:10.537743,attention_check,0.8643192263326068,b'\x01',2,9.007440912843904,-7.132429532915481,0.0,b'\x00',Test data point 92
94,session_20251004_154709,2025-10-04 15:47:10.542325,attention_check,0.5756424580998332,b'\x01',2,-14.548191473438507,-16.587257626733177,0.0,b'\x00',Test data point 93
95,session_20251004_154709,2025-10-04 15:47:10.548556,attention_check,0.647563138484188,b'\x01',2,-10.75838437163097,-1.5276658714373283,0.0,b'\x00',Test data point 94
96,session_20251004_154709,2025-10-04 15:47:10.553645,attention_check,0.7752679523051955,b'\x01',2,-17.30490499314506,-0.7792987878012454,0.0,b'\x00',Test data point 95
97,session_20251004_154709,2025-10-04 15:47:10.558539,attention_check,0.5662122357544369,b'\x01',2,-21.86577588858676,-2.239826794870897,0.0,b'\x00',Test data point 96
98,session_20251004_154709,2025-10-04 15:47:10.583892,attention_check,0.472225496222484,b'\x01',1,-2.704187216378415,14.881915179579906,0.0,b'\x00',Test data point 97
99,session_20251004_154709,2025-10-04 15:47:10.591287,attention_check,0.7706894416982106,b'\x01',2,11.497271566048717,-12.67668940735346,0.0,b'\x00',Test data point 98
100,session_20251004_154709,2025-10-04 15:47:10.599183,attention_check,0.6476578393240318,b'\x01',2,-6.208583096567313,2.1105798334122383,0.0,b'\x00',Test data point 99
101,session_20251004_160342,2025-10-04 16:03:43.539154,attention_check,0.0,0,0,0.0,0.0,0.16369271278381348,0,"Frame 4, Streak: 0"
102,session_20251004_160342,2025-10-04 16:03:44.598656,attention_check,0.0,0,0,0.0,0.0,1.52587890625e-05,0,"Frame 35, Streak: 0"
103,session_20251004_160342,2025-10-04 16:03:45.665668,attention_check,0.55,1,0,-6.328125,-17.75,0.0,0,"Frame 65, Streak: 1"
104,session_20251004_160342,2025-10-04 16:03:46.642435,attention_check,0.0,0,0,0.0,0.0,0.4821441173553467,0,"Frame 95, Streak: 0"
105,session_20251004_160342,2025-10-04 16:03:47.643434,attention_check,0.0,0,0,0.0,0.0,1.4831931591033936,0,"Frame 125, Streak: 0"
106,session_20251004_160342,2025-10-04 16:03:48.661779,attention_check,0.0,0,0,0.0,0.0,2.501769781112671,0,"Frame 156, Streak: 0"
107,session_20251004_160342,2025-10-04 16:03:49.679871,attention_check,0.0,0,0,0.0,0.0,3.519524335861206,1,"Frame 186, Streak: 0"
108,session_20251004_160342,2025-10-04 16:03:50.717770,attention_check,0.0,0,0,0.0,0.0,4.556602954864502,1,"Frame 217, Streak: 0"
109,session_20251004_160342,2025-10-04 16:03:51.719555,attention_check,0.0,0,0,0.0,0.0,5.560024976730347,1,"Frame 248, Streak: 0"
110,session_20251004_160342,2025-10-04 16:03:52.746253,attention_check,0.0,0,0,0.0,0.0,0.09957408905029297,0,"Frame 279, Streak: 0"
111,session_20251004_160342,2025-10-04 16:03:53.762658,attention_check,0.0,0,0,0.0,0.0,0.2658374309539795,0,"Frame 309, Streak: 0"
112,session_20251004_160342,2025-10-04 16:03:54.800829,attention_check,0.0,0,0,0.0,0.0,0.10922455787658691,0,"Frame 340, Streak: 0"
113,session_20251004_160342,2025-10-04 16:03:55.807512,attention_check,0.0,0,0,0.0,0.0,1.1166002750396729,0,"Frame 371, Streak: 0"
114,session_20251004_160342,2025-10-04 16:03:56.829175,attention_check,0.0,0,0,0.0,0.0,2.1372992992401123,0,"Frame 401, Streak: 0"
115,session_20251004_160342,2025-10-04 16:03:57.851480,attention_check,0.0,0,0,0.0,0.0,3.160184383392334,1,"Frame 431, Streak: 0"
116,session_20251004_160342,2025-10-04 16:03:58.882673,attention_check,0.0,0,0,0.0,0.0,4.190527439117432,1,"Frame 462, Streak: 0"
117,session_20251004_160342,2025-10-04 16:03:59.892726,attention_check,0.0,0,0,0.0,0.0,0.06711959838867188,0,"Frame 494, Streak: 0"
118,session_20251004_160342,2025-10-04 16:04:00.906361,attention_check,0.0,0,0,0.0,0.0,0.83756422996521,0,"Frame 523, Streak: 0"
119,session_20251004_160342,2025-10-04 16:04:01.972984,attention_check,0.9999999999999999,1,2,-5.203125,-9.375,0.0,0,"Frame 553, Streak: 2"
120,session_20251004_160342,2025-10-04 16:04:02.992579,attention_check,0.9999999999999999,1,2,-4.78125,-9.5,0.0,0,"Frame 585, Streak: 2"
121,session_20251004_160342,2025-10-04 16:04:04.030140,attention_check,0.0,0,0,0.0,0.0,0.8443782329559326,0,"Frame 617, Streak: 0"
122,session_20251004_160342,2025-10-04 16:04:05.043311,attention_check,0.0,0,0,0.0,0.0,1.857574224472046,0,"Frame 647, Streak: 0"
123,session_20251004_160342,2025-10-04 16:04:06.075819,attention_check,0.0,0,0,0.0,0.0,2.889798879623413,0,"Frame 678, Streak: 0"
124,session_20251004_160342,2025-10-04 16:04:07.074976,attention_check,0.0,0,0,0.0,0.0,3.889876365661621,1,"Frame 709, Streak: 0"
125,session_20251004_160342,2025-10-04 16:04:08.107879,attention_check,0.0,0,0,0.0,0.0,4.921815395355225,1,"Frame 739, Streak: 0"
126,session_20251004_160342,2025-10-04 16:04:09.118343,attention_check,0.0,0,0,0.0,0.0,5.933192014694214,1,"Frame 770, Streak: 0"
127,session_20251004_160342,2025-10-04 16:04:10.156818,attention_check,0.0,0,0,0.0,0.0,6.970374584197998,1,"Frame 800, Streak: 0"
128,session_20251004_160342,2025-10-04 16:04:11.166250,attention_check,0.45,1,0,-27.984374999999996,9.375,7.979149341583252,1,"Frame 832, Streak: 0"
129,session_20251004_160342,2025-10-04 16:04:12.177938,attention_check,0.0,0,0,0.0,0.0,8.992012739181519,1,"Frame 862, Streak: 0"
130,session_20251004_160342,2025-10-04 16:04:13.208509,attention_check,0.0,0,0,0.0,0.0,10.022916555404663,1,"Frame 892, Streak: 0"
131,session_20251004_160342,2025-10-04 16:04:14.224985,attention_check,0.0,0,0,0.0,0.0,7.62939453125e-06,0,"Frame 923, Streak: 0"
132,session_20251004_160342,2025-10-04 16:04:15.253214,attention_check,0.0,0,0,0.0,0.0,0.6125245094299316,0,"Frame 953, Streak: 0"
133,session_20251004_160342,2025-10-04 16:04:16.268651,attention_check,0.0,0,0,0.0,0.0,1.6284453868865967,0,"Frame 984, Streak: 0"
134,session_20251004_160342,2025-10-04 16:04:17.285055,attention_check,0.0,0,0,0.0,0.0,0.12791967391967773,0,"Frame 1014, Streak: 0"
135,session_20251004_160342,2025-10-04 16:04:18.321446,attention_check,0.0,0,0,0.0,0.0,1.1638798713684082,0,"Frame 1045, Streak: 0"
136,session_20251004_160342,2025-10-04 16:04:19.324187,attention_check,0.0,0,0,0.0,0.0,2.1674203872680664,0,"Frame 1077, Streak: 0"
137,session_20251004_160342,2025-10-04 16:04:20.345888,attention_check,0.0,0,0,0.0,0.0,3.188204526901245,1,"Frame 1107, Streak: 0"
138,session_20251004_160342,2025-10-04 16:04:21.362975,attention_check,0.0,0,0,0.0,0.0,4.205044984817505,1,"Frame 1137, Streak: 0"
139,session_20251004_160342,2025-10-04 16:04:22.402815,attention_check,0.0,0,0,0.0,0.0,5.244587182998657,1,"Frame 1168, Streak: 0"
140,session_20251004_160342,2025-10-04 16:04:23.406151,attention_check,0.0,0,0,0.0,0.0,6.249340057373047,1,"Frame 1199, Streak: 0"
141,session_20251004_160342,2025-10-04 16:04:24.431994,attention_check,0.0,0,0,0.0,0.0,7.273903131484985,1,"Frame 1229, Streak: 0"
142,session_20251004_160342,2025-10-04 16:04:25.449912,attention_check,0.0,0,0,0.0,0.0,8.292554378509521,1,"Frame 1259, Streak: 0"
143,session_20251004_160342,2025-10-04 16:04:26.479514,attention_check,0.0,0,0,0.0,0.0,9.321982145309448,1,"Frame 1290, Streak: 0"
144,session_20251004_160342,2025-10-04 16:04:27.480036,attention_check,0.0,0,0,0.0,0.0,10.323432445526123,1,"Frame 1321, Streak: 0"
145,session_20251004_160342,2025-10-04 16:04:28.497425,attention_check,0.0,0,0,0.0,0.0,11.340759515762329,1,"Frame 1351, Streak: 0"
146,session_20251004_160342,2025-10-04 16:04:29.524918,attention_check,0.0,0,0,0.0,0.0,12.367717266082764,1,"Frame 1382, Streak: 0"
147,session_20251004_160342,2025-10-04 16:04:30.558293,attention_check,0.0,0,0,0.0,0.0,13.400254487991333,1,"Frame 1412, Streak: 0"
148,session_20251004_160342,2025-10-04 16:04:31.563639,attention_check,0.0,0,0,0.0,0.0,14.406831741333008,1,"Frame 1444, Streak: 0"
149,session_20251004_160342,2025-10-04 16:04:32.587301,attention_check,0.0,0,0,0.0,0.0,15.429530382156372,1,"Frame 1474, Streak: 0"
150,session_20251004_160342,2025-10-04 16:04:33.601925,attention_check,0.0,0,0,0.0,0.0,16.444459199905396,1,"Frame 1504, Streak: 0"
151,session_20251004_160342,2025-10-04 16:04:34.638349,attention_check,0.0,0,0,0.0,0.0,17.480278968811035,1,"Frame 1535, Streak: 0"
152,session_20251004_160342,2025-10-04 16:04:35.654624,attention_check,0.6,1,0,-6.328125,-5.875,0.0,0,"Frame 1565, Streak: 1"
153,session_20251004_160342,2025-10-04 16:04:36.673089,attention_check,0.6,1,0,-5.34375,-8.75,0.0,0,"Frame 1596, Streak: 10"
154,session_20251004_160342,2025-10-04 16:04:37.688267,attention_check,0.6,1,0,-5.34375,-8.75,0.0,0,"Frame 1626, Streak: 40"
155,session_20251004_160342,2025-10-04 16:04:38.716995,attention_check,0.7999999999999999,1,1,-5.34375,-8.375,0.0,0,"Frame 1657, Streak: 71"
156,session_20251004_160342,2025-10-04 16:04:39.733046,attention_check,0.6,1,0,-5.34375,-8.375,0.0,0,"Frame 1689, Streak: 9"
157,session_20251004_160342,2025-10-04 16:04:40.736463,attention_check,0.0,0,0,0.0,0.0,5.7220458984375e-06,0,"Frame 1719, Streak: 0"
158,session_20251004_160342,2025-10-04 16:04:41.752153,attention_check,0.6,1,0,-6.046875,-8.0,0.0,0,"Frame 1747, Streak: 3"
159,session_20251004_160342,2025-10-04 16:04:42.801000,attention_check,0.0,0,0,0.0,0.0,0.08089995384216309,0,"Frame 1780, Streak: 0"
160,session_20251004_160342,2025-10-04 16:04:43.900614,attention_check,0.6,1,0,-5.90625,-6.125,0.0,0,"Frame 1804, Streak: 1"
161,session_20251004_181444,2025-10-04 18:14:45.128179,attention_check,0.0,0,0,0.0,0.0,0.08179163932800293,0,"Frame 2, Streak: 0"
162,session_20251004_181444,2025-10-04 18:14:46.170213,attention_check,0.0,0,0,0.0,0.0,1.124046802520752,0,"Frame 34, Streak: 0"
163,session_20251004_181444,2025-10-04 18:14:47.179052,attention_check,0.0,0,0,0.0,0.0,2.1318016052246094,0,"Frame 65, Streak: 0"
164,session_20251004_181444,2025-10-04 18:14:48.200356,attention_check,0.55,1,0,12.65625,15.875,0.0,0,"Frame 96, Streak: 1"
165,session_20251004_181444,2025-10-04 18:14:49.205352,attention_check,0.95,1,2,12.515625,15.25,0.0,0,"Frame 125, Streak: 28"
166,session_20251004_181444,2025-10-04 18:14:50.261793,attention_check,0.7999999999999999,1,1,-2.671875,13.625,0.0,0,"Frame 157, Streak: 60"
167,session_20251004_181444,2025-10-04 18:14:51.284320,attention_check,0.9999999999999999,1,2,-2.8125,14.5,0.0,0,"Frame 188, Streak: 91"
168,session_20251004_181444,2025-10-04 18:14:52.290427,attention_check,0.9999999999999999,1,2,-2.8125,14.5,0.0,0,"Frame 218, Streak: 121"
169,session_20251004_181444,2025-10-04 18:14:53.316095,attention_check,0.7999999999999999,1,1,-2.671875,14.375,0.0,0,"Frame 249, Streak: 152"
170,session_20251004_181444,2025-10-04 18:14:54.323248,attention_check,0.7999999999999999,1,1,-2.671875,14.5,0.0,0,"Frame 278, Streak: 181"
171,session_20251004_181444,2025-10-04 18:14:55.362467,attention_check,0.6,1,0,-2.671875,14.625,0.0,0,"Frame 310, Streak: 213"
172,session_20251004_181444,2025-10-04 18:14:56.380572,attention_check,0.7999999999999999,1,1,-2.53125,14.5,0.0,0,"Frame 341, Streak: 244"
173,session_20251004_181444,2025-10-04 18:14:57.386945,attention_check,0.0,0,0,0.0,0.0,0.38565731048583984,0,"Frame 371, Streak: 0"
174,session_20251004_181444,2025-10-04 18:14:58.411189,attention_check,0.0,0,0,0.0,0.0,1.4098560810089111,0,"Frame 402, Streak: 0"
175,session_20251004_181444,2025-10-04 18:14:59.439959,attention_check,0.0,0,0,0.0,0.0,2.4377598762512207,0,"Frame 432, Streak: 0"
176,session_20251004_181444,2025-10-04 18:15:00.474219,attention_check,0.0,0,0,0.0,0.0,3.4650416374206543,0,"Frame 464, Streak: 0"
177,session_20251004_181444,2025-10-04 18:15:01.488866,attention_check,0.0,0,0,0.0,0.0,4.487645387649536,0,"Frame 494, Streak: 0"
178,session_20251004_181444,2025-10-04 18:15:02.500963,attention_check,0.9999999999999999,1,2,-4.078125,13.875,0.0,0,"Frame 525, Streak: 28"
179,session_20251004_181444,2025-10-04 18:15:03.532636,attention_check,0.0,0,0,0.0,0.0,0.5293407440185547,0,"Frame 555, Streak: 0"
180,session_20251004_181444,2025-10-04 18:15:04.560247,attention_check,0.0,0,0,0.0,0.0,1.5562794208526611,0,"Frame 586, Streak: 0"
181,session_20251004_181444,2025-10-04 18:15:05.574039,attention_check,0.55,1,0,-0.9843749999999999,15.25,0.0,0,"Frame 616, Streak: 16"
182,session_20251004_181444,2025-10-04 18:15:06.591862,attention_check,0.75,1,1,-1.125,15.0,0.0,0,"Frame 647, Streak: 47"
183,session_20251004_181444,2025-10-04 18:15:07.598170,attention_check,0.55,1,0,-1.125,15.0,0.0,0,"Frame 677, Streak: 77"
184,session_20251004_181444,2025-10-04 18:15:08.613928,attention_check,0.55,1,0,-1.265625,15.0,0.0,0,"Frame 708, Streak: 108"
185,session_20251018_131057,2025-10-18 13:10:58.390419,attention_check,0.9999999999999999,1,2,-12.515625,1.75,0.0,0,"Frame 3, Streak: 3"
186,session_20251018_131057,2025-10-18 13:10:59.394637,attention_check,0.95,1,2,-15.328125,-0.5,0.0,0,"Frame 33, Streak: 33"
187,session_20251018_131057,2025-10-18 13:11:00.409033,attention_check,0.95,1,2,-16.453125,-3.375,0.0,0,"Frame 64, Streak: 64"
188,session_20251018_131057,2025-10-18 13:11:01.417762,attention_check,0.95,1,2,-15.187500000000002,-2.75,0.0,0,"Frame 93, Streak: 93"
189,session_20251018_131057,2025-10-18 13:11:02.440835,attention_check,0.7999999999999999,1,1,10.265625,-2.125,0.0,0,"Frame 121, Streak: 3"
190,session_20251018_131057,2025-10-18 13:11:03.457646,attention_check,0.0,0,0,0.0,0.0,0.13558363914489746,0,"Frame 153, Streak: 0"
191,session_20251018_131057,2025-10-18 13:11:04.461171,attention_check,0.0,0,0,0.0,0.0,0.8861050605773926,0,"Frame 182, Streak: 0"
192,session_20251018_131057,2025-10-18 13:11:05.482009,attention_check,0.0,0,0,0.0,0.0,1.907348394393921,0,"Frame 214, Streak: 0"
193,session_20251018_131057,2025-10-18 13:11:06.489208,attention_check,0.95,1,2,-16.3125,-2.875,0.0,0,"Frame 243, Streak: 23"
194,session_20251018_131057,2025-10-18 13:11:07.523000,attention_check,0.95,1,2,-20.109375,-1.125,0.0,0,"Frame 275, Streak: 55"
195,session_20251018_131057,2025-10-18 13:11:08.537819,attention_check,0.0,0,0,0.0,0.0,6.198883056640625e-06,0,"Frame 305, Streak: 0"
196,session_20251018_131057,2025-10-18 13:11:09.572807,attention_check,0.0,0,0,0.0,0.0,1.03379487991333,0,"Frame 336, Streak: 0"
197,session_20251018_131057,2025-10-18 13:11:10.577981,attention_check,0.0,0,0,0.0,0.0,2.0399560928344727,0,"Frame 366, Streak: 0"
198,session_20251018_131057,2025-10-18 13:11:11.591939,attention_check,0.0,0,0,0.0,0.0,3.0540528297424316,0,"Frame 397, Streak: 0"
199,session_20251018_131057,2025-10-18 13:11:12.608296,attention_check,0.0,0,0,0.0,0.0,4.070045471191406,0,"Frame 427, Streak: 0"
200,session_20251018_131057,2025-10-18 13:11:13.631423,attention_check,0.0,0,0,0.0,0.0,5.09256911277771,1,"Frame 458, Streak: 0"
201,session_20251018_131057,2025-10-18 13:11:14.641464,attention_check,0.0,0,0,0.0,0.0,6.103280782699585,1,"Frame 488, Streak: 0"
202,session_20251018_131057,2025-10-18 13:11:15.661376,attention_check,0.0,0,0,0.0,0.0,7.123087406158447,1,"Frame 519, Streak: 0"
203,session_20251018_131057,2025-10-18 13:11:16.665958,attention_check,0.0,0,0,0.0,0.0,8.127139329910278,1,"Frame 549, Streak: 0"
204,session_20251018_131057,2025-10-18 13:11:17.687889,attention_check,0.45,1,0,18.5625,3.0,9.14992070198059,1,"Frame 580, Streak: 0"
205,session_20251018_131057,2025-10-18 13:11:18.695115,attention_check,0.95,1,2,-23.343750000000004,0.125,0.0,0,"Frame 609, Streak: 28"
206,session_20251018_131057,2025-10-18 13:11:19.698851,attention_check,0.95,1,2,-22.640625000000004,-0.5,0.0,0,"Frame 640, Streak: 59"
207,session_20251018_131057,2025-10-18 13:11:20.703728,attention_check,0.95,1,2,-23.062499999999996,1.125,0.0,0,"Frame 661, Streak: 80"
208,session_20251018_131057,2025-10-18 13:11:21.758844,attention_check,0.75,1,1,-23.343750000000004,2.125,0.0,0,"Frame 692, Streak: 111"
209,session_20251018_132935,2025-10-18 13:29:36.715334,attention_check,0.9999999999999999,1,3,-14.484375000000002,3.25,0.0,0,"Frame 5, Streak: 5"
210,session_20251018_132935,2025-10-18 13:29:37.723566,attention_check,0.9999999999999999,1,2,-14.90625,0.5,0.0,0,"Frame 36, Streak: 36"
211,session_20251018_132935,2025-10-18 13:29:38.740795,attention_check,0.9999999999999999,1,2,-13.359375,-3.375,0.0,0,"Frame 67, Streak: 67"
212,session_20251018_132935,2025-10-18 13:29:39.743148,attention_check,0.9999999999999999,1,2,-13.921875,-2.75,0.0,0,"Frame 96, Streak: 96"
213,session_20251018_132935,2025-10-18 13:29:40.746437,attention_check,0.9999999999999999,1,2,-13.640624999999998,-2.75,0.0,0,"Frame 124, Streak: 124"
214,session_20251018_132935,2025-10-18 13:29:41.770583,attention_check,0.9999999999999999,1,2,-6.187500000000001,-2.5,0.0,0,"Frame 155, Streak: 8"
215,session_20251018_132935,2025-10-18 13:29:42.832995,attention_check,0.75,1,1,-22.078125,-2.625,0.0,0,"Frame 185, Streak: 1"
216,session_20251018_132935,2025-10-18 13:29:43.797501,attention_check,0.75,1,1,-17.015625,-1.125,0.0,0,"Frame 209, Streak: 8"
